value,frequency
the,407
of,304
in,262
to,217
a,216
and,191
that,105
is,100
for,97
on,84
COVID-19,79
by,70
from,69
with,67
were,59
have,53
are,51
not,49
has,48
was,48
people,48
The,47
had,47
an,46
Covid-19,40
at,39
vaccine,39
than,37
as,37
more,36
who,35
coronavirus,34
million,31
it,30
against,29
In,29
U.S.,28
this,28
about,28
only,27
his,26
A,26
during,23
died,23
after,23
be,23
over,23
cases,22
deaths,21
been,21
new,21
we,20
which,20
COVID,19
"2021,",19
one,18
will,18
pandemic,18
thousand,18
Trump,18
per,18
said,17
vaccinated,17
there,17
received,17
they,17
government,16
health,16
covid-19,15
their,15
number,15
but,15
so,15
some,14
vaccines,14
even,14
first,14
President,14
shows,13
between,13
"2020,",13
day,13
2020,13
when,13
every,12
Health,12
its,12
being,12
away,12
out,11
April,11
lockdown,11
early,11
Minister,11
use,11
2021,11
two,10
July,10
COVID-19.,10
100,10
tested,10
bill,10
Biden,10
rate,10
due,10
(...),10
state,10
times,10
September,10
vaccination,10
administration,10
June,10
no,10
THE,10
patients,10
Covid,10
weeks,10
reported,10
tweeted,10
-,10
death,10
4,10
years,9
"pandemic,",9
those,9
October,9
already,9
Gov.,9
would,9
mask,9
New,9
because,9
taken,8
announced,8
man,8
released,8
can,8
House,8
UK,8
five,8
do,8
10,8
campaign,8
caused,8
children,8
Portugal,8
â€”,8
Americans,8
free,8
officials,8
all,8
NHS,8
video,8
January,8
led,8
closed,8
currently,8
time,8
care,8
doses,7
study,7
without,7
data,7
billion,7
treatment,7
now,7
social,7
hospitals,7
required,7
countries,7
presented,7
crisis,7
inhabitants,7
IN,7
record,7
should,7
city,7
(on,7
virus,7
china,7
president,7
need,7
"""the",7
population,7
National,7
world,7
infected,7
Covid-19.,7
pandemic.,7
total,7
distributed,7
current,6
imposed,6
showing,6
case,6
if,6
OF,6
posted,6
increased,6
law,6
year,6
SÃ£o,6
Ireland,6
or,6
European,6
information,6
off,6
since,6
United,6
work,6
Florida,6
started,6
report,6
sent,6
mortality,6
White,6
made,6
word,6
today,6
Digital,6
"today,",6
test,6
variant,6
This,6
far,6
before,6
using,6
own,6
Pfizer,6
application,6
she,6
(CDC),6
other,6
spread,6
stimulus,6
recorded,6
them,6
he,6
days,6
euros,6
Europe,6
Spain,6
reached,6
schools,6
700,6
receive,6
federal,6
March,6
relief,6
higher,6
here,6
December,6
many,6
ON,6
claims,6
found,6
Brazil,6
19,6
white,6
signed,6
passed,6
sign,6
less,6
CDC,5
Party,5
blocked,5
beds,5
doctors,5
California,5
It,5
18,5
fewer,5
hospital,5
among,5
take,5
Poland,5
u.s.,5
did,5
three,5
Federal,5
Council,5
despite,5
you,5
jobs,5
same,5
average,5
photo,5
why,5
reports,5
asked,5
capita,5
states,5
field,5
daily,5
Joe,5
leader,5
"inhabitants,",5
unemployment,5
increase,5
There,5
face,5
"UK,",5
person,5
infections,5
outside,5
just,5
$1 ,5
trump,5
AstraZeneca,5
novel,5
Johnson,5
country,5
I,5
situation,5
through,5
Texas,5
Facebook,5
very,5
publication,5
Belo,4
[from,4
"Health,",4
serious,4
ohio,4
celebrating,4
part,4
medicines,4
police,4
rates,4
On,4
my,4
residents,4
requiring,4
exported,4
displayed,4
once,4
held,4
REPORTED,4
period,4
PROTOCOL,4
universities,4
November,4
"Trump,",4
NEW,4
February,4
our,4
want,4
treat,4
unvaccinated,4
Congress,4
"is,",4
numbers,4
"group,",4
infection,4
We,4
media,4
lives,4
TO,4
following,4
[in,4
severe,4
delivering,4
Commission,4
Horizonte,4
"hospitals,",4
CORRECT.,4
late,4
AND,4
plan,4
different,4
questioned,4
greater,4
double,4
suggested,4
means,4
1,4
Great,4
individuals,4
Medical,4
shock,4
almost,4
increasing,4
cover,4
date,4
highlighted,4
May,4
does,4
high,4
nearly,4
yesterday,4
First,4
Mayor,4
payments,4
hair,4
internet,4
vaccinated.,4
adverse,4
fully,4
Marta,4
cities,4
show,4
handling,4
40,4
could,4
people.,4
calls,4
de,4
arrived,4
"College,",4
FROM,4
circulation,4
/,4
Italian,4
IS,4
Sanitary,4
"""The",4
says,4
team,4
North,4
giving,4
age,4
Prime,4
entered,4
week,4
Russian,4
20,4
event,4
(PPP),4
order,4
"that,",4
until,4
Ministry,4
Matterhorn,4
epidemic,4
2019,4
"country,",4
alleged,4
under,4
trend,4
Brazilian,4
back,4
place,4
permanent,4
Zealand's,4
2021,4
"26,",4
rally,4
company,4
experiencing,4
"Germany,",4
several,4
preparing,4
provide,4
whether,4
university,4
contagions,4
candidate,4
"France,",4
banned,4
Chinese,4
networks,4
called,4
published,4
used,4
personal,4
began,4
economic,4
into,4
most,4
statement,4
resolution,4
(in,4
2,4
difficult,4
"vaccine,",4
Immunization,4
third,4
Covid-19],4
beginning,4
hours,4
Twitter,4
2020,4
according,4
getting,4
around,4
travelers,4
flag,4
while,4
opinion,4
Portugal.,4
States,4
second,4
authorized,4
mandatory,4
percent,4
[by,4
what,4
produced,4
1918,4
put,4
affected,4
alert,4
politicians,4
entering,4
military,4
side,4
testing,4
crediting,4
blood,4
six,4
reduced,4
scientists,4
related,4
saved,4
released.,4
assistance,4
article,4
prepared,4
game,4
families,4
coronavirus.,4
given,4
Northern,4
designed,4
"networks,",4
recommended,4
Certificate,4
Italy,4
seven,4
any,4
nurses,4
Protocols:,4
300,4
places,4
private,4
visited,4
wrote,4
control,4
guaranteed,4
Sweden,4
David,4
don't,4
"far,",4
paid,4
offering,4
talk,4
end,4
vowing,4
worst,4
captured,4
West,4
August,4
Porto,4
like,4
debt,4
threat,4
rallies,4
parents,4
economy,4
penalties,4
photograph,4
detected,4
28,4
DEATHS,4
"vaccination,",4
Demagog),3
power,3
"3,000",3
India,3
proposing,3
images,3
masks,3
Asked,3
wearing,3
Demagoga),3
cells,3
"ivermectin,",3
impact,3
"100,000",3
travel,3
So,3
elderly,3
allocated,3
included,3
China,3
restrictions,3
vaccine.,3
Manaus,3
responding,3
"""military",3
Michigan,3
women,3
Nancy,3
entire,3
tried,3
built,3
60,3
prevention,3
card.,3
No,3
wave,3
"didn""t",3
Grant,3
united,3
Countries,3
up,3
ago.,3
response,3
distance,3
borders,3
group,3
stated,3
also,3
living,3
disseminated,3
Kazakhstan,3
"Republic,",3
publications,3
"House,",3
Infectious,3
make,3
right:,3
Assembly,3
Donald,3
According,3
months,3
highest,3
violating,3
sector,3
Doctors,3
donald,3
Democrats,3
emerged,3
Sputnik,3
USA,3
"250,000",3
State,3
companies,3
Control,3
Bolsonaro,3
Republic,3
emergency,3
Vaccination,3
Centers,3
nation,3
trump's,3
production,3
Because,3
TOTAL,3
tons,3
Rep.,3
EU,3
bodies,3
italy,3
V,3
receiving,3
Diseases,3
Government,3
65,3
joint,3
least,3
"Portugal,",3
disease,3
isolation,3
Greg,3
heart,3
"post,",3
exposed,3
chloroquine,3
rules,3
Norway,3
room,3
Ohio,3
"Covid""",2
displaying,2
it.,2
beer,2
houses,2
calling,2
"number,",2
PUBLIC,2
collaboration,2
"said,",2
Christmas,2
face-to-face,2
ENOUGH,2
appeared,2
ensure,2
organizers,2
skin,2
indigenous,2
"Die""",2
1980s,2
Boebert,2
boxes,2
Imperial,2
clotting,2
Care,2
Agriculture,2
ICU,2
color,2
McDonald's,2
afford,2
When,2
(arrived,2
then,2
"""I",2
homes,2
"Resilience""",2
limit,2
customer,2
admitted,2
sue,2
UFO,2
conditions,2
attention,2
reserving,2
overturn,2
"month,",2
deconfinement,2
phone,2
"Jones,",2
23%,2
classes,2
hood,2
Lady,2
"done,",2
ARCTURUS,2
Virginia,2
Paulo.,2
release,2
Russia,2
flu,2
federally,2
"neighborhoods,",2
"WHO,",2
"""5%",2
Agency,2
give,2
news,2
recommending,2
Supposedly,2
municipality,2
bryant's,2
SAME,2
Aldir,2
extension,2
mobilized,2
RECALCULATION,2
mcmahon,2
though,2
Tax,2
Whitmer,2
Newsom,2
tenge,2
"""arguing",2
"MARCH,",2
self-quarantine,2
hearing,2
row,2
STF,2
"Facebook,",2
"Manaus,",2
"10,",2
increases,2
Japanese,2
"application,",2
circulating,2
tickets,2
"Miami,",2
"Kingdom,",2
University,2
facilitating,2
sentenced,2
Institute,2
"233,",2
Branco,2
Alegre,2
technology,2
entertainment,2
nurse,2
Cummings,2
Dolly,2
"taxpayers,",2
ivermectin,2
fined,2
condition,2
absolutely,2
McConnell,2
"6,000",2
empire,2
contacts,2
include,2
salon,2
keep,2
news!,2
positive,2
"cases""",2
Emmanuel,2
horse,2
benefit,2
werenâ€™t,2
16,2
businessman,2
"50,000",2
Pasternak,2
BE,2
spent,2
mandate,2
"Liberties!!""",2
"Hoaks,",2
briefing,2
rising,2
producing,2
"reaches,",2
australia,2
run,2
complications,2
indicating,2
"center,",2
"relief,",2
"""were",2
"7,",2
85,2
nationals,2
70%,2
mom,2
populations,2
see,2
authentic,2
accused,2
covid,2
W.,2
get,2
Coveney,2
vince,2
unclassified,2
post-graduation,2
"""Sacrifice",2
package,2
243,2
voting,2
appeal:,2
Obama's,2
survive,2
"THERAPEUTICS,",2
12,2
chloroquine.,2
"them,",2
Ideal,2
whose,2
traveling,2
"columbia,",2
"proposed,",2
TucumÃ£,2
occurred,2
childrenâ€™s,2
wrestling,2
DECREASED,2
ANNOUNCED,2
reason,2
Justin,2
proposal,2
flowers,2
vaccines.,2
Rebelo,2
south,2
Liverpool,2
"SIC,",2
contradicting,2
consent,2
attendees,2
mistake,2
BY,2
caught,2
staffers,2
region,2
Democratic,2
MARINHA,2
liable,2
WOULD,2
ordering,2
Increased,2
think,2
occupancy,2
Africa,2
itself,2
Management,2
"CNN""",2
anomalies:,2
epidemiological,2
Tamihere,2
refuse,2
Ted,2
resident,2
Corrections,2
object,2
generate,2
projected,2
MEDICAL,2
kept,2
tourism,2
social-distancing,2
19),2
"India,",2
guidelines,2
cause,2
icon,2
advice,2
anyone,2
URGENT!,2
behind,2
WHETHER,2
anti-semitic,2
issue,2
Zealand,2
My,2
jumped,2
respirators,2
newspaper,2
sponsored,2
demonstrations,2
governors,2
Coronavirus,2
City,2
apartment,2
milestone,2
TV,2
exemption,2
Japan.,2
"work,",2
93,2
cream,2
call,2
public,2
Live,2
questioning,2
17.8,2
episode,2
handle,2
loan,2
certainly,2
"Abbott,",2
deGrasse,2
indications,2
legally,2
Jacinda,2
Calls,2
Claus,2
"structure,",2
meeting,2
Dr.,2
Not,2
13%,2
deflect,2
(INI,2
JUNE,2
her,2
front-page,2
Tennessee,2
Mike,2
beats,2
Anthony,2
saw,2
staten,2
"Chile,",2
Paulo,2
extent,2
look,2
minks,2
mocked,2
protection,2
"""Good",2
150,2
Aracaju,2
"saved"",",2
spending,2
"6,114",2
6%,2
lung,2
Mayors.,2
distress,2
targeting,2
excuse,2
[of,2
(postage,2
largest,2
"China,",2
During,2
save,2
disputed,2
2006,2
(for,2
uk,2
result,2
"""obsolete""",2
HBO's,2
author,2
brown,2
Gras,2
accept.,2
clip,2
"""per",2
earned,2
businesses,2
To,2
blogpost,2
"of""",2
"27,",2
bleach,2
"""STAYAWAY",2
review,2
Hall,2
minimum,2
Waitangi,2
swabs,2
removed,2
gave,2
york,2
"Pasteur""s",2
twice,2
statistical,2
lost.,2
effort,2
self-isolate,2
Important,2
eligible,2
san,2
Rodrigo,2
die,2
join,2
John,2
foster,2
normally,2
conducting,2
leftist,2
ban,2
compares,2
neighboring,2
rest,2
Taylor,2
decorated,2
instead,2
recitation,2
process,2
brief,2
manufacturing,2
Chagas,2
"low,",2
"""Vax-a-Million""",2
established,2
carry,2
half,2
"therefore,",2
concealed,2
And,2
suffered,2
NOT,2
universe,2
mitigation,2
"Clinton,",2
DUKENUS,2
"""do",2
justified,2
properly,2
facilitiesâ€,2
dozen,2
view,2
these,2
funerals,2
discussing,2
although,2
mistakenly,2
31,2
credit,2
"""in",2
violence,2
"Washington,",2
Inspection,2
research,2
citizen,2
phones,2
championship,2
parking,2
family,2
Black,2
bigger,2
segment,2
participation,2
Oeiras,2
adviser,2
"testing,",2
Arizona,2
announcing,2
mandates,2
edited,2
offer,2
"Tonight,""",2
Februrary,2
Treaty,2
"""raided""",2
"Covid""s",2
inequalities,2
15,2
sitting,2
reimburse,2
spaces,2
IRS,2
"""only",2
hottest,2
comparing,2
Louis,2
inflammatory,2
Peace,2
situations,2
level,2
[death,2
(or,2
Lakewood,2
request,2
considered,2
stockpile,2
fact,2
acceptable,2
Catholics,2
rasprostranyayushih,2
red,2
commitment,2
"hypothesis,",2
authored,2
recent,2
mumps,2
"later,",2
Parliamentary,2
medical,2
plant,2
"""broken,""",2
working,2
returned,2
Nugent,2
employ,2
(Mother,2
portion,2
count,2
overcoming,2
admission,2
"health,",2
appointment,2
animals,2
"Japan,",2
safe,2
lottery,2
resume,2
"staff,",2
name,2
praised,2
message,2
Gavin,2
reliance,2
Biden's,2
obituary,2
Gianforte,2
Communications,2
space,2
answer,2
Kanpur,2
Tourism,2
moments,2
Costa,2
"Macron,",2
Department,2
risen,2
"""greater",2
"itself,",2
admissions,2
BRASIL,2
duty,2
visit,2
Cannabis,2
north,2
Brunswick,2
concludes.,2
2:00,2
criticized,2
Marques,2
Test,2
dose,2
Jaya,2
deputy,2
dishwashers,2
(FEMA),2
reopening,2
building,2
workforce,2
lockdowns,2
"Favipiravir,",2
makes,2
"wife,",2
documents,2
eyes:,2
adults,2
distribution,2
establishes,2
repeatedly,2
him,2
Ursula,2
NY,2
Senate,2
Fiocruz),2
500,2
cut,2
6,2
blamed,2
US,2
"case,",2
environment,2
Security,2
American,2
37,2
drinking,2
members,2
injected,2
"institution""s",2
remarks,2
temporary,2
got,2
"Certificate,""",2
Luz,2
THAT,2
communities,2
showers,2
parades,2
successful,2
bar,2
Serco,2
little,2
notes,2
"August,",2
"Venezuela,",2
ivermectin.,2
Robertson,2
kit,2
"""Covid",2
coins,2
N',2
(FCC),2
extinguished,2
complete,2
way,2
"schools,",2
49%,2
shot,2
56%.,2
interested,2
Several,2
developing,2
subject,2
confined,2
had],2
incorrectly,2
VACCINE,2
Wuhan,2
[Community,2
"8,",2
pure,2
professionals,2
march,2
Janeiro.,2
"sector,",2
seriously,2
SAY,2
convent,2
remonstrated,2
Mayestik,2
"doctors""",2
â€œ116,2
[Covid-19],2
designated,2
SARS-CoV-2,2
Bloc,2
experimental,2
performing,2
"smartphone"",",2
Napa,2
"year,",2
patient,2
changed,2
Temido,2
eliminates,2
"ward""",2
Gretchen,2
remain,2
"Spain,",2
samples,2
reactions,2
"U.S.,",2
believing,2
atrocities,2
abusive),2
101,2
"applied,",2
Seymour,2
individuals.,2
$4.40 ,2
interview,2
mayor,2
"example,",2
deficit,2
costs,2
"participate,",2
wrong,2
Admits,2
Foundation,2
played,2
assigned,2
funeral,2
rabies,2
food,2
11%,2
asserted,2
likely,2
250,2
tweet,2
setback,2
"12,000",2
"Covid-19],",2
"FDA,",2
"mandatory""",2
"intended,",2
"Provincetown,",2
Felician,2
2.5,2
Rose,2
weight,2
blame,2
[social],2
"Emergency,",2
Muslim,2
Shultz,2
â€œYardi,2
Let,2
Leyen,2
19,2
"capitas""",2
Law,2
"there,",2
cops,2
fund,2
cat,2
violated,2
fetuses,2
26),2
weâ€™ve,2
"""there's",2
lower,2
statements,2
Melania,2
protective,2
â€œimmediately,2
education,2
hostel,2
i.e.,2
subsidy,2
"people,",2
21,2
43,2
lays,2
ruled,2
deaths.,2
Nonetheless,2
form,2
linked,2
growing,2
800,2
know,2
"55,000",2
Chloroquine,2
AS,2
clinical,2
anti-viral,2
border,2
airplane,2
percent.,2
Latin,2
imply,2
Demagog).,2
main,2
codes,2
moderate,2
saliva,2
functioning,2
tests,2
"Instead,",2
"12,",2
peers,2
"[infections].""",2
PSD,2
suspected,2
replaced,2
conspiracy,2
"suggested,",2
"days,",2
German,2
Vatican,2
amount,2
complex,2
rapid,2
events,2
worsened,2
taxes,2
Prevention,2
months.,2
dad,2
â€œchinese,2
Lords,2
operating,2
"notice""",2
80,2
militant,2
population's,2
Thailand.,2
program,2
stricter,2
anal,2
DUE,2
metropolitan,2
Thanksâ€,2
stressing,2
political,2
"day,",2
$2 ,2
kits,2
security,2
granting,2
question,2
General,2
Woolery,2
it's,2
"second,",2
"Florida,",2
"TVI,",2
High,2
"appointed,",2
Thursday's,2
Disease,2
1.4,2
struggled,2
(and,2
dynamics,2
"Temido,",2
dying,2
including,2
went,2
"""siren""",2
consequence,2
Order,2
Fauci,2
handwriting,2
45,2
Pelosi,2
school,2
others,2
warrant,2
60%,2
Positive,2
(SNS),2
injecting,2
single,2
soft,2
labels,2
killed,2
quarantine,2
determine,2
assess,2
misinformation,2
downplayed,2
Controller,2
windows,2
0.17%,2
theory-fueled,2
burning,2
remember:,2
92%,2
rid,2
Stayaway,2
diego,2
FOR,2
16th,2
loudspeakers,2
trucks,2
debate,2
protocol,2
star,2
Simon,2
(state,2
Montana,2
movie,2
questions,2
Moderna's,2
salary,2
vaccinating,2
civic,2
regards,2
Voted,2
stakeholders,2
appear,2
1970s,2
full,2
HEALTH,2
Georgia,2
leading,2
"Monroe,",2
forced,2
Elena,2
Â£108,2
"""A",2
FDA,2
national,2
Maryland,2
suing,2
diagnostic,2
followed,2
later,2
Rio,2
amid,2
concerns,2
ranking,2
Viseu,2
sick,2
deal,2
Washington,2
"144,305",2
implied,2
legalization,2
Week,2
official,2
rate],2
crimes,2
San,2
Santa,2
seems,2
"stressed,",2
Dakota,2
1%,2
[about,2
Commissioner,2
image,2
came,2
similar,2
outbreak,2
Rebekah,2
popular,2
backing,2
Brazilians,2
economies,2
effects,2
delivered,2
older,2
Meister,2
pre-existing,2
Foreign,2
holding,2
recovered,2
Greene,2
mutation,2
Val,2
where,2
biotech,2
GROW,2
"27,989",2
young,2
clipping,2
CIVIL,2
More,2
heard,2
"""StayAway",2
fraud,2
lobbyists,2
across,2
suicides,2
"rules,",2
â€œsuccessâ€,2
"strain,",2
menâ€™s,2
light,2
"USA,",2
"133,819",2
email,2
posed,2
"4,",2
nationwide,2
throwing,2
"1,000",2
top,2
RATE,2
names,2
nor,2
"Apicella,",2
Church,2
shopping,2
ice,2
Austria,2
SCHOOL,2
Stanley,2
1.3,2
Canadian,2
BETWEEN,2
pile,2
actually,2
losing,2
17-18,2
vault,2
Sousa,2
"118,984",2
colleges,2
"Brazil,",2
NUMBER,2
absence,2
Patrick,2
0,2
policy,2
allowance,2
"""bad,""",2
allegedly,2
system:,2
helped,2
"""is",2
"Credit,",2
clearly,2
technically,2
adopted,2
collaborate,2
dismissing,2
"Recife,",2
arose,2
citing,2
"Spain""",2
intensive,2
preventing,2
Dominic,2
"way""",2
Osteen's,2
warning,2
"bergamo,",2
years',2
Guns,2
me,2
controversy,2
automobile,2
[during,2
abstain,2
flyer,2
Service's,2
understates,2
"""end",2
convoy,2
Boschi,2
gymnast,2
"COMPANY,",2
Pasquale,2
Barnardoâ€™s,2
visiting,2
"""Last",2
Protection,2
broadest,2
IT,2
India...,2
home,2
Reason?,2
live,2
avoiding,2
pandemic-related,2
Do,2
"""someone",2
Tom,2
pharmaceutical,2
"effects,",2
Vote,2
dined,2
purchased,2
monthly,2
korea,2
traveled,2
must,2
Mountain,2
overtaken,2
mink,2
23%.,2
"""turn",2
exceeds,2
declared,2
coverage,2
salons,2
Francisco,2
promoted,2
Than,2
politician,2
lowered,2
"lockdown,",2
pharmacy,2
"Medicine,",2
DEFENSE,2
music,2
diseases,2
celebrations,2
adolescents,2
[National,2
Center],2
"air,",2
taking,2
Trust,2
Klan-like,2
"cases,",2
learning,2
[Cinthia,2
As,2
Evan,2
aid,2
advised,2
resumed,2
deserved,2
showed,2
"infections,",2
fight,2
Higher,2
responsiveness,2
time],2
Turning,2
Speaker,2
scope,2
[Crivella],2
loss,2
cannabis,2
Istat,2
"""proclaim",2
"promised,",2
communicable,2
parade,2
"30,000",2
"20,",2
Niedzielski,2
180-day,2
Most,2
15.2,2
Over,2
Parton,2
Portuguese,2
potentially,2
"drug,",2
"theaters,",2
signs,2
"""today",2
collection,2
today.,2
passport,2
88-year-old,2
impose,2
7.5,2
resilience,2
weddings,2
persons,2
vote,2
essential,2
commentator,2
series,2
"""after",2
sleep,2
Roses',2
Partnerships,2
MARCH,2
"""kneeling""",2
reduces,2
2012],2
dead,2
manufacturers,2
Nursing,2
"That""s",2
41.6,2
French,2
loosening,2
return,2
year-olds,2
warned,2
27,2
Walgreens,2
Pasar,2
transporting,2
reusable,2
apparent,2
evangelical,2
IVERMECTINA,2
"worker,",2
[for,2
inadvertently,2
Latino,2
black,2
open,2
draws,2
Jospeh,2
unfortunately.,2
letter,2
Â£12.58,2
last,2
Britain,2
"COVID-19,",2
filters,2
deaths],2
countdown,2
canceled,2
C.36.3,2
partnership,2
"youngest,",2
630,2
â€¦,2
restaurant,2
"Pfizer,",2
Valley,2
"outbreak,",2
PNI,2
DO,2
funding,2
combat,2
fall,2
aborted,2
400,2
von,2
halt,2
Castelo,2
"52,",2
IVERMECTIN,2
Inspector,2
filed,2
Thatâ€™s,2
"$7,000 ",2
That,2
latter,2
go,2
"""public",2
landing,2
Bill,2
"doctors,",2
2014,2
ozone,2
Yorkshire,2
Duarte,2
9,2
figures,2
"Carolina,",2
otters,2
tender,2
"call!""",2
filling,2
Science,2
lucky,2
criminal,2
perfectly,2
infectious,2
manufacture,2
â€œCOVID,2
Is,2
marked,2
Italians,2
making,2
amendment,2
"study,",2
aseptic,2
der,2
retroviral,2
recently,2
"""Your",2
"""We",2
floats,2
Lauren,2
transmission,2
(of,2
such,2
encourages,2
allow,2
low,2
via,2
funded,2
bad,2
incidence,2
low-flow,2
damage,2
leave,2
seniors,2
charity,2
traced,2
radiators,2
please,2
confiscating,2
buy,2
2017,2
Facebok,2
well,2
THIS,2
ceo,2
"better,",2
views,2
revealing,2
kobe,2
ABRUZZO,2
urging,2
"Monday,",2
approved,2
woman,2
note,2
objection,2
hate,2
rare,2
"and,",2
"Mafra,",2
"""vote",2
yesterday's,2
Family,2
British,2
"Poles,",2
Bowser,2
Vallance,2
Asian,2
crowd,2
protest,2
submit,2
Market,2
"(...),",2
players,2
233,2
Marcelo,2
carriers,2
Delta,2
Spanish,2
cow,2
Education,2
Drug,2
Chief,2
Public-Private,2
8th,2
household,2
himself,2
family's,2
â€˜The,2
"deaths""",2
workers,2
"Weak""",2
fighting,2
(during,2
elephants,2
Ribeiro],2
H1N1,2
Pelosi's,2
Open,2
"interned""",2
AT,2
Home,2
44%,2
mandatory),2
nation's,2
99%,2
immunization,2
"scientists""",2
18â€,2
Hawley,2
italian,2
registering,2
MHRA,2
"far),",2
earlier,2
buildings,2
workplace,2
Evandro,2
within,2
"rally""",2
Nov.,2
considers,2
mobile,2
trace,2
wide,2
Shapps,2
stole,2
convince,2
Sintra.,2
understanding,2
therapy,2
refused,2
Obama,2
budget,2
"Cuba,",2
table,2
worsening,2
Oxford,2
Illinois,2
NZ,2
organization,2
grown,2
"PSD,",2
Intelligence,2
undesirable,2
window,2
compiled,2
Salvini,2
Artificial,2
various,2
likened,2
Port,2
die.,2
State:,2
connection,2
territories,2
fatalities,2
decision,2
Republicans,2
CEO,2
pastor,2
trials,2
lawsuit,2
donated,2
downloads,2
Forum,2
sisters,2
arrested,2
code,2
real,2
agree,2
"which,",2
Karaganda,2
Data,2
"""Live",2
CONTAGIONS,2
shortage,2
creates,2
cost,2
75-80,2
morally,2
32,2
undergo,2
â€œhigh,2
stamp,2
Trade,2
"ICU""",2
100%,2
market,2
volunteers.,2
"kelowna,",2
"75+,",2
upward,2
Tyson,2
Program,2
prevent,2
Chaves,2
landed,2
"""transparency""",2
water,2
Johnsonâ€™s,2
returning,2
"""spanish",2
safety,2
statehouse,2
Paycheck,2
AndrÃ©,2
viral,2
fastest,2
press,2
Duterte,2
approvals,2
warm,2
EU's,2
covid.,2
â€,2
Representatives',2
surplus,2
PVC,2
undergoes,2
"HOWEVER,",2
incredible,2
Qur'an,2
understand,2
"""forty,""",2
GVSM,2
longer,2
Switzerland,2
suspicious,2
Deputy,2
concentrated,2
undisclosed,2
40%,2
presentations,2
"$600""",2
emergency),2
Arthur,2
british,2
poor,2
KNOWN,2
"know""",2
singapore.,2
rendition,2
"COVID""",2
Aquarium,2
barrier,2
Trudeau,2
chinese,2
delivery,2
"â€œThanks,",2
search,2
negative,2
"0.7%,",2
Australia,2
executing,2
baseball,2
dancing,2
Survey,2
Barack,2
index,2
Sunshine,2
visible,2
550%,2
Child,2
Marjorie,2
transfer,2
supporting,2
Left,2
50,2
doing,2
supported,2
Mitchell,2
"states,",2
72,2
penalizes,2
Detroit,2
"moment,",2
senator,2
file,2
"Ventura,",2
title,2
tapped,2
"Ireland,",2
at-home,2
person's,2
plenary,2
397,2
Denmark,2
Blanc,2
Klux,2
lowest,2
disinfectants,2
crematorium,2
studies,2
69.40%,2
"Talked),",2
DGS,2
commemorates,2
McCain,2
co-leader,2
Inter,2
"needs""",2
let,2
effectiveness,2
17,2
"words,",2
cohort,2
laws,2
sanitized,2
cannot,2
justify,2
lot,2
"age,",2
Tulsa,2
SNS,2
medicinal,2
oldest,2
Ku,2
Brady's,2
prisoners,2
Nagy,2
Pacific,2
created,2
thousand.,2
"""quarantine""",2
store,2
Guarda,2
shelter-in-place,2
"13,",2
"Moderna,",2
presidential,2
â€œlocked-downâ€,2
wears,2
"Monteiro,",2
postvaccination,2
"CDC,",2
racially,2
corrected,2
Nations,2
Russia's,2
recipients,2
"""other",2
healthy,2
omnibus,2
households,2
WILL,2
danger,2
Governors,2
grocery,2
use:,2
over-subscribed,2
53,2
"D.C.,",2
promised,2
took,2
injuries,2
bizarre,2
county,2
party,2
staff,2
jail,2
infectedâ€,2
Hundreds,2
reelection,2
expedited,2
opponent,2
"world,",2
"Wednesday,",2
resigned,2
"confinement),",2
saline,2
service,2
shared,2
"""health",2
below,2
Against,2
candidates,2
Infarmed,2
CINTESIS,2
mountain,2
electronic,2
coronavirus-economic-relief,2
golfed,2
disease.,2
(AI),2
......,2
court,2
"meeting,",2
protesters,2
supply,2
economy's,2
nine,2
monkeys,2
monitor,2
speech,2
Virusâ€™,2
"professionals,",2
COVIDâ€“19,2
"vaccinated,",2
developed,2
summer,2
"speak,",2
existence,2
WITH,2
Ardern,2
previous,2
son,2
350,2
Trump's,2
"policeman,",2
Pharmaceuticals,2
recession,2
9,2
quality,2
Muriel,2
coldâ€,2
dwellings,2
"""easiest",2
"18,",2
strong,2
2%,2
Kevin,2
FioCruz,2
constitutes,2
complaint,2
immune,2
Meghan,2
sick.,2
problem,2
deliver,2
"mild,",2
[against,2
simulates,2
relative,2
customers,2
ebola,2
picture,2
assesses,2
scratched,2
mix,2
protesting,2
re-start,2
CDC's,2
dates,2
left,2
trying,2
bus,2
Faculty,2
inanimate,2
Zoo,2
agreement,2
"""corona""",2
duke,2
beach,2
"""our",2
Manivong,2
"250,000.00",2
representing,2
WORKING,2
example,2
"""got",2
derived,2
fetal,2
stands,2
"system,",2
$6 ,2
forbidden,2
autarchy,2
guns,2
66%,2
ENGLAND,2
development,2
"Program],",2
newly,2
Emergency,2
"Kazakhstan,",2
steam,2
claim,2
2km,2
city],2
won,2
"""If",2
operate,2
confirmed,2
strain,2
York,2
price,2
Neil,2
stems,2
topics,2
statisticians,2
cbs,2
"800,000",2
"Massachusetts,",2
"Cascais,",2
millions,2
saying,2
Brazil.,2
â€œavoid,2
"resumes,",2
42,2
everyone,2
Turkish,2
hydroxychloroquine,2
photographed,2
needs,2
peoples,2
"States,",2
supplies,2
Nigeria,2
covid-19.,1
America,1
Antarctica,1
Newly,1
Medicine,1
"""Doctors",1
UK.,1
world.,1
Maori,1
checks.,1
Thirteen,1
Pharmaceutical,1
variant.,1
Among,1
580,1
included).,1
Seven,1
teams,1
Student,1
Covid-19â€,1
"alarmingly""",1
confusion.,1
days.,1
[Hydroxychloroquine],1
Australia's.,1
82.50%,1
vaccination.,1
Nurse,1
â€œ99.2%,1
&,1
"Fortunately,",1
farms,1
Democrats.,1
students,1
For,1
Chuck,1
mandates.,1
before.,1
system.,1
hospital.,1
Richard,1
diseaseâ€.,1
"acceptable"".",1
reported.,1
While,1
Country,1
province,1
tests.,1
Finance,1
table.,1
States.,1
"""Millions",1
Right-wing,1
"â‚¬500,000",1
began.,1
Kingdom.,1
vaccinations.,1
Assam,1
Zealand.,1
NFL,1
Twenty-three,1
[BERITA],1
"pay"".",1
quarter.,1
Maria,1
bill.,1
Trace.,1
March.,1
restrictions.,1
â€œThe,1
"seriously.""",1
Testing,1
Holocaust.,1
participating,1
Poison,1
Aircraft,1
list,1
text,1
"Republican.""",1
dewormer,1
82,1
vaccinations,1
threeâ€,1
"use""",1
"Nationally,",1
real.,1
Israel,1
inefficiency,1
(...)â€,1
Americans.,1
Restrictions,1
Vaccine,1
Labour,1
Musician,1
â€œYesterday,1
Thus,1
Josh,1
dose.,1
compulsory.,1
Japan,1
city.,1
reactions.,1
"""chinese.""",1
"risk""",1
tweet.,1
Pandemic,1
â€œPSOL,1
lawsuits,1
mouth.,1
thousands,1
Interpol.,1
head.,1
Mardi,1
patients.,1
test.,1
"closed.""",1
orders.,1
inhabitant,1
Says,1
patrol.â€,1
"Today,",1
Three-quarters,1
Alleged,1
25%.,1
Amazon,1
numbers.,1
â€œafricans,1
conditions.,1
Some,1
vaccines.',1
isolation.,1
loans.,1
capitals,1
Tianjin.,1
visit.,1
inflammation.,1
â€œFive,1
â€œ[TSE],1
Members,1
shot.,1
SICILY,1
Just,1
"""URGENT!",1
Argentina,1
By,1
foreseen,1
standards.,1
self-isolate.,1
"(...)""",1
"virus""",1
island.,1
regions.,1
"Covid-19]""",1
Individual,1
accelerating,1
Anheuser-Busch,1
long,1
AntÃ³nio,1
""".",1
Â£323.,1
Egypt.,1
"$100,000.00 ",1
SINGAPORE.,1
telephone.,1
usa,1
programs.,1
Tweet,1
arrival.,1
2018,1
Coach,1
Glenmark,1
effect.,1
All,1
"""hype.""",1
Mersey,1
"century.""",1
Through,1
italy.,1
ago,1
distribution.,1
peopleâ€,1
"influenza.""",1
[Before,1
stay.,1
Rugby,1
month?,1
settlements.,1
61%,1
querÃ©taro,1
day.,1
Mitch,1
Sweden&#39;s,1
parties.,1
Poland.,1
"homes""",1
NatÃ¡lia,1
"""listen",1
seven.,1
That's,1
Paulo],1
defeat.,1
"""AmapÃ¡",1
(Republicans),1
crowdingâ€,1
clinicians.,1
media.,1
saved.,1
contracted.,1
cannabis.,1
capital,1
installments.,1
Astrophysicist,1
"record.""",1
ill.,1
"""Today,",1
devices.,1
Islanders.,1
evident.,1
"It""s",1
Schools,1
halted,1
"municipalities""",1
old.,1
"Portugal""",1
Employees,1
unknown,1
"tension"".",1
community,1
authorities.,1
China.,1
treatment.,1
presents.,1
pre-COVID-19.,1
Post,1
â€˜In,1
Image,1
economy.,1
event.,1
lifeâ€,1
mask.,1
required.,1
GPs,1
protest.,1
â€œIt,1
employment.,1
...,1
reinfections.,1
Bloomberg,1
daysâ€,1
"""These",1
"testing""",1
same.,1
South,1
Elderly,1
"coronavirus""",1
infection.,1
ITALY.,1
Speech,1
imprisoned.,1
tombstone,1
quarantines.,1
Gras.â€,1
pandemic],1
level.,1
"what?""",1
"Naples,",1
Oklahoma,1
networks.,1
1982,1
9-year-old,1
indicator.,1
April.,1
Until,1
Mexico.â€,1
People,1
â€œHere,1
collection.,1
Traders,1
"""(...)",1
Principal,1
Stitt.,1
Sir,1
"Depression.""",1
tissue.,1
Regeneron,1
disclosures.,1
Boris,1
At,1
life,1
lottery.,1
hurricane.,1
CLAIM:,1
ACT,1
scales.,1
â€œThere,1
Images,1
negligible.,1
FFP3,1
Even,1
facilities.,1
Joel,1
â€œMore,1
severe.,1
explain.,1
Research,1
"planes""",1
Starting,1
warned.,1
"pandemic.""",1
Meloni,1
One,1
reported.â€,1
Carlos,1
country.â€,1
"""There",1
more.,1
